{
  "奉還町": {
    "flow": 97.88792087542082,
    "flow_norm": 0.45916369170595417,
    "gap_A": -0.45916369170595417,
    "pot_A": 0.0,
    "gap_B": -0.45916369170595417,
    "pot_B": 0.0,
    "gap_C": -0.3093622795303961,
    "pot_C": 0.14980141217555806,
    "gap_D": -0.29572703916840554,
    "pot_D": 0.16343665253754863,
    "bus_freq": 68.72539779777351,
    "large_fac": 0.845915852401785,
    "office": 0.0934688973401965
  },
  "寿町": {
    "flow": 84.6558501683503,
    "flow_norm": 0.3970959066264747,
    "gap_A": -0.11404135384442976,
    "pot_A": 0.28305455278204494,
    "gap_B": -0.11455959680918504,
    "pot_B": 0.28253630981728967,
    "gap_C": -0.0024502804726361793,
    "pot_C": 0.3946456261538385,
    "gap_D": 0.03068918034320617,
    "pot_D": 0.42778508696968087,
    "bus_freq": 289.9774359345488,
    "large_fac": 1.0495889360329511,
    "office": 0.22212315365650726
  },
  "駅元町": {
    "flow": 102.43261784511787,
    "flow_norm": 0.4804815399106037,
    "gap_A": 0.1186632627459604,
    "pot_A": 0.5991448026565641,
    "gap_B": 0.08952048764224563,
    "pot_B": 0.5700020275528493,
    "gap_C": 0.220790247246465,
    "pot_C": 0.7012717871570687,
    "gap_D": 0.30724068668203564,
    "pot_D": 0.7877222265926394,
    "bus_freq": 761.6886462977934,
    "large_fac": 1.4699638027653645,
    "office": 0.4740788817726004
  },
  "岡山駅": {
    "flow": 126.33097643097629,
    "flow_norm": 0.5925817710306496,
    "gap_A": 0.31933129845000996,
    "pot_A": 0.9119130694806595,
    "gap_B": 0.2631699647780763,
    "pot_B": 0.8557517358087259,
    "gap_C": 0.4074182289693504,
    "pot_C": 1.0,
    "gap_D": 0.4074182289693504,
    "pot_D": 1.0,
    "bus_freq": 1197.2533115590406,
    "large_fac": 1.8665806700547174,
    "office": 0.3316739849252047
  },
  "下石井": {
    "flow": 159.6511784511789,
    "flow_norm": 0.7488771221951265,
    "gap_A": -0.4571250515934598,
    "pot_A": 0.2917520706016667,
    "gap_B": -0.49071636521534445,
    "pot_B": 0.258160756979782,
    "gap_C": -0.40655263687591986,
    "pot_C": 0.3423244853192066,
    "gap_D": -0.3848255662620361,
    "pot_D": 0.36405155593309035,
    "bus_freq": 541.2679593238786,
    "large_fac": 0.9546799088503426,
    "office": 0.20743427151150018
  },
  "桑田町": {
    "flow": 213.18741582491606,
    "flow_norm": 1.0,
    "gap_A": -0.7774249838708505,
    "pot_A": 0.22257501612914948,
    "gap_B": -0.8320802727891442,
    "pot_B": 0.1679197272108558,
    "gap_C": -0.8222561442055231,
    "pot_C": 0.1777438557944769,
    "gap_D": -0.5431896335402027,
    "pot_D": 0.45681036645979733,
    "bus_freq": 527.5760154860284,
    "large_fac": 0.6175533930493818,
    "office": 0.8564174851863497
  },
  "岩田町": {
    "flow": 105.95652356902372,
    "flow_norm": 0.4970111540544325,
    "gap_A": 0.24991073161324096,
    "pot_A": 0.7469218856676735,
    "gap_B": 0.18296750799593842,
    "pot_B": 0.6799786620503709,
    "gap_C": 0.30388878894070637,
    "pot_C": 0.8008999429951389,
    "gap_D": 0.40853878189973347,
    "pot_D": 0.905549935954166,
    "bus_freq": 1093.0565851078766,
    "large_fac": 1.5924231882940991,
    "office": 0.556104715070018
  },
  "本町": {
    "flow": 52.212163299663274,
    "flow_norm": 0.24491203243695883,
    "gap_A": 0.7550879675630412,
    "pot_A": 1.0,
    "gap_B": 0.7550879675630412,
    "pot_B": 1.0,
    "gap_C": 0.43451182910724384,
    "pot_C": 0.6794238615442026,
    "gap_D": 0.41589915623225027,
    "pot_D": 0.6608111886692091,
    "bus_freq": 1574.7051425020668,
    "large_fac": 0.4449670919737724,
    "office": 0.5540000341715285
  },
  "幸町": {
    "flow": 0,
    "flow_norm": 0.0,
    "gap_A": 0.32180835157567705,
    "pot_A": 0.32180835157567705,
    "gap_B": 0.24512479358622857,
    "pot_B": 0.24512479358622857,
    "gap_C": 0.2340607044286698,
    "pot_C": 0.2340607044286698,
    "gap_D": 0.5134706248197746,
    "pot_D": 0.5134706248197746,
    "bus_freq": 767.6808424248695,
    "large_fac": 0.6517320919147661,
    "office": 0.8938648530064955
  },
  "柳町": {
    "flow": 0,
    "flow_norm": 0.0,
    "gap_A": 0.4177709013342926,
    "pot_A": 0.4177709013342926,
    "gap_B": 0.11206424769703988,
    "pot_B": 0.11206424769703988,
    "gap_C": 0.03224616834153107,
    "pot_C": 0.03224616834153107,
    "gap_D": 0.19916034565034083,
    "pot_D": 0.19916034565034083,
    "bus_freq": 2090.0439792944944,
    "large_fac": 0.44890164009136063,
    "office": 0.5356009738250033
  },
  "野田屋町": {
    "flow": 87.36599326599328,
    "flow_norm": 0.4098083975920237,
    "gap_A": -0.013208723022855584,
    "pot_A": 0.3965996745691681,
    "gap_B": -0.13156266649428472,
    "pot_B": 0.278245731097739,
    "gap_C": -0.128591972661188,
    "pot_C": 0.2812164249308357,
    "gap_D": 0.12540993247217558,
    "pot_D": 0.5352183300641993,
    "bus_freq": 1065.988759833774,
    "large_fac": 0.7717469122741976,
    "office": 0.8368134824915295
  },
  "磨屋町": {
    "flow": 0,
    "flow_norm": 0.0,
    "gap_A": 0.5234935235494447,
    "pot_A": 0.5234935235494447,
    "gap_B": 0.27106535278354316,
    "pot_B": 0.27106535278354316,
    "gap_C": 0.20024738825250799,
    "pot_C": 0.20024738825250799,
    "gap_D": 0.3138560425580902,
    "pot_D": 0.3138560425580902,
    "bus_freq": 1903.2125449091452,
    "large_fac": 0.6244583861299622,
    "office": 0.4438225243229157
  },
  "田町": {
    "flow": 0,
    "flow_norm": 0.0,
    "gap_A": 0.9284130454883811,
    "pot_A": 0.9284130454883811,
    "gap_B": 0.6037309149494721,
    "pot_B": 0.6037309149494721,
    "gap_C": 0.38539175511285906,
    "pot_C": 0.38539175511285906,
    "gap_D": 0.38376177862672656,
    "pot_D": 0.38376177862672656,
    "bus_freq": 2876.641890406233,
    "large_fac": 0.5954851801877058,
    "office": 0.31588018945526497
  },
  "中央町": {
    "flow": 0,
    "flow_norm": 0.0,
    "gap_A": 0.8722375707191603,
    "pot_A": 0.8722375707191603,
    "gap_B": 0.5776713183030994,
    "pot_B": 0.5776713183030994,
    "gap_C": 0.3081608803142913,
    "pot_C": 0.3081608803142913,
    "gap_D": 0.3245292192786943,
    "pot_D": 0.3245292192786943,
    "bus_freq": 2779.623469277861,
    "large_fac": 0.34196192088397326,
    "office": 0.40235126390702397
  },
  "天神町": {
    "flow": 57.34465488215482,
    "flow_norm": 0.2689870537632959,
    "gap_A": 0.004729308729324089,
    "pot_A": 0.27371636249262,
    "gap_B": -0.003604676272216112,
    "pot_B": 0.2653823774910798,
    "gap_C": 0.07138010272048312,
    "pot_C": 0.340367156483779,
    "gap_D": 0.13271072285810936,
    "pot_D": 0.40169777662140527,
    "bus_freq": 332.9184907617258,
    "large_fac": 0.9126820532268525,
    "office": 0.29639011031433604
  },
  "中山下": {
    "flow": 0,
    "flow_norm": 0.0,
    "gap_A": 0.3322662986314466,
    "pot_A": 0.3322662986314466,
    "gap_B": 0.1981701420957377,
    "pot_B": 0.1981701420957377,
    "gap_C": 0.22338965494360138,
    "pot_C": 0.22338965494360138,
    "gap_D": 0.3993222077043298,
    "pot_D": 0.3993222077043298,
    "bus_freq": 1076.8183730103935,
    "large_fac": 0.7667214679843282,
    "office": 0.590568527192184
  },
  "表町": {
    "flow": 0,
    "flow_norm": 0.0,
    "gap_A": 0.6369096118465076,
    "pot_A": 0.6369096118465076,
    "gap_B": 0.48247891791259445,
    "pot_B": 0.48247891791259445,
    "gap_C": 0.39116690267937393,
    "pot_C": 0.39116690267937393,
    "gap_D": 0.40897060919214123,
    "pot_D": 0.40897060919214123,
    "bus_freq": 1498.8439343878342,
    "large_fac": 0.7257832801158971,
    "office": 0.2588509919422113
  },
  "西大寺町": {
    "flow": 0,
    "flow_norm": 0.0,
    "gap_A": 0.33114260176667504,
    "pot_A": 0.33114260176667504,
    "gap_B": 0.3451071747143835,
    "pot_B": 0.3451071747143835,
    "gap_C": 0.22926863352062274,
    "pot_C": 0.22926863352062274,
    "gap_D": 0.21041738508313806,
    "pot_D": 0.21041738508313806,
    "bus_freq": 273.15411299202515,
    "large_fac": 0.35832444096429966,
    "office": 0.09980176375984848
  },
  "出石町": {
    "flow": 30.690951178451208,
    "flow_norm": 0.14396230218230469,