{
  "奉還町": {
    "hub_access": 0.8391108745926872,
    "bus_freq": 8.333333333333334,
    "food_poi": 11,
    "shop_poi": 14,
    "pub_poi": 0,
    "hub_access_norm": 0.0,
    "bus_freq_norm": 0.0265322366674666,
    "food_poi_norm": 0.04522613065303907,
    "shop_poi_norm": 0.034313725490027876,
    "pub_poi_norm": 0.0,
    "potential": 0.019498732287605316,
    "potential_norm": 0.0,
    "flow_actual": 106.15000000000002,
    "flow_norm": 0.3281632979455208,
    "gap": -0.3281632979455208,
    "gap_abs": 0.3281632979455208
  },
  "寿町": {
    "hub_access": 1.3133227221039916,
    "bus_freq": 6.333333333333334,
    "food_poi": 8,
    "shop_poi": 9,
    "pub_poi": 0,
    "hub_access_norm": 0.41745287259514946,
    "bus_freq_norm": 0.020164499867274616,
    "food_poi_norm": 0.030150753768692713,
    "shop_poi_norm": 0.009803921568579394,
    "pub_poi_norm": 0.0,
    "potential": 0.1576421443707827,
    "potential_norm": 0.24031210765712877,
    "flow_actual": 92.40729166666667,
    "flow_norm": 0.27541134368834097,
    "gap": -0.035099236031212205,
    "gap_abs": 0.035099236031212205
  },
  "駅元町": {
    "hub_access": 1.659974081426492,
    "bus_freq": 74.91666666666666,
    "food_poi": 27,
    "shop_poi": 24,
    "pub_poi": 0,
    "hub_access_norm": 0.7226131221706127,
    "bus_freq_norm": 0.23852480764052467,
    "food_poi_norm": 0.1256281407028863,
    "shop_poi_norm": 0.08333333333292484,
    "pub_poi_norm": 0.0,
    "potential": 0.3382451824283354,
    "potential_norm": 0.5544863130746043,
    "flow_actual": 129.07812500000003,
    "flow_norm": 0.4161738539339073,
    "gap": 0.13831245914069695,
    "gap_abs": 0.13831245914069695
  },
  "岡山駅": {
    "hub_access": 1.9750758618398765,
    "bus_freq": 106.91666666666667,
    "food_poi": 13,
    "shop_poi": 18,
    "pub_poi": 0,
    "hub_access_norm": 0.9999999991196911,
    "bus_freq_norm": 0.34040859644359645,
    "food_poi_norm": 0.05527638190926997,
    "shop_poi_norm": 0.05392156862718666,
    "pub_poi_norm": 0.0,
    "potential": 0.4372252306565431,
    "potential_norm": 0.726670448727798,
    "flow_actual": 228.28229166666665,
    "flow_norm": 0.796973150199864,
    "gap": -0.07030270147206608,
    "gap_abs": 0.07030270147206608
  },
  "下石井": {
    "hub_access": 1.1645826996325594,
    "bus_freq": 42.916666666666664,
    "food_poi": 17,
    "shop_poi": 12,
    "pub_poi": 0,
    "hub_access_norm": 0.2865157187124931,
    "bus_freq_norm": 0.13664101883745297,
    "food_poi_norm": 0.07537688442173178,
    "shop_poi_norm": 0.024509803921448484,
    "pub_poi_norm": 0.0,
    "potential": 0.1463605527894268,
    "potential_norm": 0.22068682832053488,
    "flow_actual": 279.2572916666667,
    "flow_norm": 0.9926427957338098,
    "gap": -0.7719559674132749,
    "gap_abs": 0.7719559674132749
  },
  "桑田町": {
    "hub_access": 1.2179222923544502,
    "bus_freq": 60.24999999999999,
    "food_poi": 107,
    "shop_poi": 28,
    "pub_poi": 0,
    "hub_access_norm": 0.33347103271754397,
    "bus_freq_norm": 0.19182807110578348,
    "food_poi_norm": 0.5276381909521225,
    "shop_poi_norm": 0.10294117647008362,
    "pub_poi_norm": 0.0,
    "potential": 0.2760492903332341,
    "potential_norm": 0.44629131708022585,
    "flow_actual": 281.17395833333325,
    "flow_norm": 0.9999999999961615,
    "gap": -0.5537086829159357,
    "gap_abs": 0.5537086829159357
  },
  "岩田町": {
    "hub_access": 1.8101240289337723,
    "bus_freq": 122.5,
    "food_poi": 32,
    "shop_poi": 20,
    "pub_poi": 0,
    "hub_access_norm": 0.854791445499894,
    "bus_freq_norm": 0.390023879011759,
    "food_poi_norm": 0.15075376884346356,
    "shop_poi_norm": 0.06372549019576605,
    "pub_poi_norm": 0.0,
    "potential": 0.41689135902537233,
    "potential_norm": 0.6912979653438349,
    "flow_actual": 140.75208333333327,
    "flow_norm": 0.46098482576443933,
    "gap": 0.2303131395793956,
    "gap_abs": 0.2303131395793956
  },
  "本町": {
    "hub_access": 0.958301242242986,
    "bus_freq": 103.75,
    "food_poi": 201,
    "shop_poi": 175,
    "pub_poi": 0,
    "hub_access_norm": 0.10492433207313129,
    "bus_freq_norm": 0.3303263465099591,
    "food_poi_norm": 0.9999999999949749,
    "shop_poi_norm": 0.823529411760669,
    "pub_poi_norm": 0.0,
    "potential": 0.4263181972906831,
    "potential_norm": 0.7076967449737727,
    "flow_actual": 206.6916666666668,
    "flow_norm": 0.7140966432728151,
    "gap": -0.006399898299042417,
    "gap_abs": 0.006399898299042417
  },
  "幸町": {
    "hub_access": 1.2401736171953064,
    "bus_freq": 7.833333333333333,
    "food_poi": 98,
    "shop_poi": 43,
    "pub_poi": 0,
    "hub_access_norm": 0.3530590702636574,
    "bus_freq_norm": 0.0249403024674186,
    "food_poi_norm": 0.4824120602990834,
    "shop_poi_norm": 0.17647058823442907,
    "pub_poi_norm": 0.0,
    "potential": 0.25151173538074484,
    "potential_norm": 0.4036061722842157,
    "flow_actual": 117.18541666666664,
    "flow_norm": 0.37052320118212806,
    "gap": 0.03308297110208763,
    "gap_abs": 0.03308297110208763
  },
  "柳町": {
    "hub_access": 1.0889235707120517,
    "bus_freq": 314.08333333333337,
    "food_poi": 101,
    "shop_poi": 129,
    "pub_poi": 0,
    "hub_access_norm": 0.21991232010136966,
    "bus_freq_norm": 0.9999999999968162,
    "food_poi_norm": 0.49748743718342975,
    "shop_poi_norm": 0.598039215683343,
    "pub_poi_norm": 0.0,
    "potential": 0.46617268182403004,
    "potential_norm": 0.777026979643453,
    "flow_actual": 56.209374999999994,
    "flow_norm": 0.13646414362489856,
    "gap": 0.6405628360185545,
    "gap_abs": 0.6405628360185545
  },
  "野田屋町": {
    "hub_access": 1.3031625052710594,
    "bus_freq": 108.66666666666664,
    "food_poi": 60,
    "shop_poi": 23,
    "pub_poi": 0,
    "hub_access_norm": 0.40850874408938487,
    "bus_freq_norm": 0.3459803661437644,
    "food_poi_norm": 0.2914572864306962,
    "shop_poi_norm": 0.07843137254863515,
    "pub_poi_norm": 0.0,
    "potential": 0.2822302968284721,
    "potential_norm": 0.4570436987965446,
    "flow_actual": 98.69062500000001,
    "flow_norm": 0.2995301785310082,
    "gap": 0.1575135202655364,
    "gap_abs": 0.1575135202655364
  },
  "磨屋町": {
    "hub_access": 1.299040573423851,
    "bus_freq": 262.08333333333337,
    "food_poi": 91,
    "shop_poi": 117,
    "pub_poi": 0,
    "hub_access_norm": 0.40488017112291647,
    "bus_freq_norm": 0.8344388431918246,
    "food_poi_norm": 0.44723618090227524,
    "shop_poi_norm": 0.5392156862718667,
    "pub_poi_norm": 0.0,
    "potential": 0.4789254176526207,
    "potential_norm": 0.7992114383820135,
    "flow_actual": 82.80624999999996,
    "flow_norm": 0.23855734820676536,
    "gap": 0.5606540901752481,
    "gap_abs": 0.5606540901752481
  },
  "田町": {
    "hub_access": 1.3394226317740943,
    "bus_freq": 235.83333333333331,
    "food_poi": 121,
    "shop_poi": 211,
    "pub_poi": 0,
    "hub_access_norm": 0.44042885331650533,
    "bus_freq_norm": 0.7508622976893047,
    "food_poi_norm": 0.5979899497457388,
    "shop_poi_norm": 0.9999999999950981,
    "pub_poi_norm": 0.0,
    "potential": 0.5739205481470504,
    "potential_norm": 0.9644634737996354,
    "flow_actual": 56.68437499999998,
    "flow_norm": 0.13828745076817706,
    "gap": 0.8261760230314583,
    "gap_abs": 0.8261760230314583
  },
  "中央町": {
    "hub_access": 0.9561992181802892,
    "bus_freq": 214.50000000000006,
    "food_poi": 173,
    "shop_poi": 167,
    "pub_poi": 0,
    "hub_access_norm": 0.10307390174786199,
    "bus_freq_norm": 0.6829397718205904,
    "food_poi_norm": 0.8592964824077423,
    "shop_poi_norm": 0.7843137254863515,
    "pub_poi_norm": 0.0,
    "potential": 0.46217017528037097,
    "potential_norm": 0.7700642821907577,
    "flow_actual": 20.658333333333335,
    "flow_norm": 0.0,
    "gap": 0.7700642821907577,
    "gap_abs": 0.7700642821907577
  },
  "天神町": {
    "hub_access": 1.2788850197111457,
    "bus_freq": 40.58333333333333,
    "food_poi": 6,
    "shop_poi": 12,
    "pub_poi": 0,
    "hub_access_norm": 0.3871370593886317,